<?xml version="1.0" encoding="UTF-8"?>
<metadata xml:lang="en"><Esri><CreaDate>20211114</CreaDate><CreaTime>20270200</CreaTime><ArcGISFormat>1.0</ArcGISFormat><SyncOnce>TRUE</SyncOnce><DataProperties><lineage><Process ToolSource="c:\program files\arcgis\pro\Resources\ArcToolbox\toolboxes\Data Management Tools.tbx\CreateFeatureclass" Date="20211114" Time="202702">CreateFeatureclass C:\Users\alida\OneDrive\Desktop\arcgis\data\schedules\2021\GB-2021 GB_schedule.shp Polyline # No No "GEOGCS["GCS_WGS_1984",DATUM["D_WGS_1984",SPHEROID["WGS_1984",6378137.0,298.257223563]],PRIMEM["Greenwich",0.0],UNIT["Degree",0.0174532925199433]];-400 -400 1000000000;-100000 10000;-100000 10000;8.98315284119521E-09;0.001;0.001;IsHighPrecision" # 0 0 0 #</Process><Process ToolSource="c:\program files\arcgis\pro\Resources\ArcToolbox\toolboxes\Data Management Tools.tbx\AddField" Date="20211114" Time="202702">AddField C:\Users\alida\OneDrive\Desktop\arcgis\data\schedules\2021\GB-2021\GB_schedule.shp LENGTH Text # # # # NULLABLE NON_REQUIRED #</Process><Process ToolSource="c:\program files\arcgis\pro\Resources\ArcToolbox\toolboxes\Data Management Tools.tbx\AddField" Date="20211114" Time="202702">AddField C:\Users\alida\OneDrive\Desktop\arcgis\data\schedules\2021\GB-2021\GB_schedule.shp WEEK Text # # # # NULLABLE NON_REQUIRED #</Process></lineage></DataProperties></Esri></metadata>
